first_name,last_name,email,gender,ip_address
Iain,Gladding,igladding0@earthlink.net,Male,138.107.1.56
Staci,Batty,sbatty1@disqus.com,Female,99.151.65.165
Tammie,Goldberg,tgoldberg2@vistaprint.com,Male,78.247.55.169
Wilfred,Scirman,wscirman3@bing.com,Bigender,239.177.49.205
Jenilee,Yosifov,jyosifov4@examiner.com,Female,251.60.248.59
Arlen,Drysdell,adrysdell5@soup.io,Female,95.86.212.7
Geralda,Tabourel,gtabourel6@scribd.com,Female,165.233.12.235
Josias,Retchless,jretchless7@hibu.com,Male,207.225.17.174
Jozef,Westrey,jwestrey8@1688.com,Male,37.201.57.153
Astra,Dunbar,adunbar9@google.fr,Female,168.7.106.188
Martie,Cana,mcanaa@symantec.com,Female,238.230.83.54
Shirline,Parfrey,sparfreyb@tmall.com,Female,210.86.30.168
Callie,Rosenkranc,crosenkrancc@marketwatch.com,Genderfluid,229.87.194.68
Stacey,Espinel,sespineld@ebay.com,Female,165.151.178.232
Kaiser,Cuttin,kcuttine@nbcnews.com,Male,220.209.0.76
Portia,Kornilov,pkornilovf@unesco.org,Female,129.130.111.162
Bobinette,Kopje,bkopjeg@newyorker.com,Female,39.241.158.144
Hilario,Sargeaunt,hsargeaunth@sakura.ne.jp,Male,198.227.179.183
Alexandra,Foden,afodeni@usgs.gov,Female,48.172.182.243
Bobbye,Hubbocks,bhubbocksj@pbs.org,Female,25.22.69.186
Clarissa,Willingham,cwillinghamk@infoseek.co.jp,Female,219.43.46.210
Kittie,Dainter,kdainterl@icq.com,Female,0.116.59.167
Gardener,Screach,gscreachm@cbslocal.com,Male,34.60.36.5
Trix,Jasik,tjasikn@toplist.cz,Female,37.81.120.202
Olwen,Godby,ogodbyo@hugedomains.com,Female,174.217.176.30
Ursola,Joincey,ujoinceyp@ask.com,Genderfluid,54.77.89.185
Thaddeus,Ashby,tashbyq@booking.com,Male,226.159.221.194
Johann,Battaille,jbattailler@vk.com,Male,130.248.28.95
Neddy,Van Geffen,nvangeffens@myspace.com,Male,106.210.43.45
Lay,Kliemann,lkliemannt@nhs.uk,Non-binary,239.177.181.54
Marchall,Gresswood,mgresswoodu@issuu.com,Male,3.77.155.61
Forrester,Rispine,frispinev@deliciousdays.com,Male,97.80.45.165
Marty,Kretchmer,mkretchmerw@squarespace.com,Female,221.154.151.77
Marianne,Allday,malldayx@aboutads.info,Female,179.5.68.157
Renate,Schachter,rschachtery@vistaprint.com,Genderfluid,176.195.0.242
Issie,Kemster,ikemsterz@independent.co.uk,Female,51.140.245.166
Ivy,Hrinishin,ihrinishin10@gizmodo.com,Female,134.106.40.109
Darwin,Ilson,dilson11@theguardian.com,Non-binary,55.213.6.109
Evin,Kopmann,ekopmann12@lulu.com,Male,183.40.250.90
Tiebout,MacGiolla,tmacgiolla13@360.cn,Male,137.85.11.197
Ilario,O'Siaghail,iosiaghail14@ebay.co.uk,Male,184.154.172.215
Sheila,Eggleton,seggleton15@meetup.com,Female,89.124.112.205
Rourke,Van der Merwe,rvandermerwe16@addthis.com,Male,190.152.213.1
Adriaens,Jeffels,ajeffels17@w3.org,Female,131.56.47.90
Ricca,Bachelar,rbachelar18@harvard.edu,Female,242.37.49.19
Ingrid,Casiero,icasiero19@oakley.com,Female,228.182.65.189
Humberto,Farney,hfarney1a@cpanel.net,Male,249.180.224.16
Carson,Jeannaud,cjeannaud1b@fda.gov,Male,15.99.29.73
Reynard,Rekes,rrekes1c@example.com,Male,211.76.150.13
Marissa,Edwick,medwick1d@blinklist.com,Female,0.45.216.56
